org.springframework.cglib.core.DebuggingClassWriter:84,src/main/java/org/springframework/cglib/core/DebuggingClassWriter.java:84
org.springframework.cglib.core.DebuggingClassWriter:86,src/main/java/org/springframework/cglib/core/DebuggingClassWriter.java:86
org.springframework.cglib.core.DebuggingClassWriter:95,src/main/java/org/springframework/cglib/core/DebuggingClassWriter.java:95
org.springframework.core.SerializableTypeWrapper$MethodInvokeTypeProvider:337,src/main/java/org/springframework/core/SerializableTypeWrapper.java:337
org.springframework.core.SerializableTypeWrapper$MethodParameterTypeProvider:281,src/main/java/org/springframework/core/SerializableTypeWrapper.java:281
org.springframework.core.SerializableTypeWrapper$TypeProxyInvocationHandler:182,src/main/java/org/springframework/core/SerializableTypeWrapper.java:182
org.springframework.core.io.AbstractFileResolvingResource:110,src/main/java/org/springframework/core/io/AbstractFileResolvingResource.java:110
org.springframework.core.io.AbstractFileResolvingResource:259,src/main/java/org/springframework/core/io/AbstractFileResolvingResource.java:259
org.springframework.core.io.AbstractFileResolvingResource:57,src/main/java/org/springframework/core/io/AbstractFileResolvingResource.java:57
org.springframework.core.io.AbstractFileResolvingResource:287,src/main/java/org/springframework/core/io/AbstractFileResolvingResource.java:287
org.springframework.core.io.FileSystemResource:85,src/main/java/org/springframework/core/io/FileSystemResource.java:85
org.springframework.core.io.PathResource:85,src/main/java/org/springframework/core/io/PathResource.java:85
org.springframework.core.io.PathResource:98,src/main/java/org/springframework/core/io/PathResource.java:98
org.springframework.core.io.UrlResource:228,src/main/java/org/springframework/core/io/UrlResource.java:228
org.springframework.core.io.support.PathMatchingResourcePatternResolver:471,src/main/java/org/springframework/core/io/support/PathMatchingResourcePatternResolver.java:471
org.springframework.core.io.support.PathMatchingResourcePatternResolver:634,src/main/java/org/springframework/core/io/support/PathMatchingResourcePatternResolver.java:634
org.springframework.core.serializer.DefaultDeserializer:71,src/main/java/org/springframework/core/serializer/DefaultDeserializer.java:71
org.springframework.util.AlternativeJdkIdGenerator:43,src/main/java/org/springframework/util/AlternativeJdkIdGenerator.java:43
org.springframework.util.AntPathMatcher$AntPathStringMatcher:649,src/main/java/org/springframework/util/AntPathMatcher.java:649
org.springframework.util.ResourceUtils:188,src/main/java/org/springframework/util/ResourceUtils.java:188
org.springframework.util.ResourceUtils:261,src/main/java/org/springframework/util/ResourceUtils.java:261
org.springframework.util.ResourceUtils:222,src/main/java/org/springframework/util/ResourceUtils.java:222
org.springframework.util.ResourceUtils:226,src/main/java/org/springframework/util/ResourceUtils.java:226
org.springframework.util.ResourceUtils:149,src/main/java/org/springframework/util/ResourceUtils.java:149
org.springframework.util.SerializationUtils:83,src/main/java/org/springframework/util/SerializationUtils.java:83
